City_ID,City,Lat,Lng,Max Temp,Humidity,Cloudiness,Wind Speed,Country,Date
0,Busselton,-33.65,115.3333,83.05,51,7,9.17,AU,2022-01-18 16:44:46
1,Tilichiki,60.4667,166.1,-18.98,88,5,9.13,RU,2022-01-18 16:44:46
2,Hilo,19.7297,-155.09,69.53,82,100,5.75,US,2022-01-18 16:44:46
3,Bambous Virieux,-20.3428,57.7575,82.22,89,75,4.61,MU,2022-01-18 16:43:35
4,Shingu,33.7333,135.9833,39.9,79,4,6.42,JP,2022-01-18 16:44:47
5,Jamestown,42.097,-79.2353,29.52,64,100,7.0,US,2022-01-18 16:44:47
6,Bossangoa,6.4926,17.4552,81.81,18,3,5.06,CF,2022-01-18 16:44:47
7,Saint George,37.1041,-113.5841,51.53,75,100,0.0,US,2022-01-18 16:41:01
8,Napasar,27.9667,73.55,61.41,27,1,3.91,IN,2022-01-18 16:44:47
9,Hamilton,39.1834,-84.5333,36.59,71,20,1.99,US,2022-01-18 16:44:48
10,Hay River,60.8156,-115.7999,-27.42,68,0,3.44,CA,2022-01-18 16:44:48
11,Hofn,64.2539,-15.2082,36.05,58,100,17.65,IS,2022-01-18 16:44:48
12,Huamachuco,-7.8,-78.0667,62.28,53,91,6.42,PE,2022-01-18 16:44:48
13,Chuy,-33.6971,-53.4616,75.6,79,100,14.38,UY,2022-01-18 16:44:49
14,Los Llanos De Aridane,28.6585,-17.9182,66.13,74,75,8.99,ES,2022-01-18 16:44:49
15,Rikitea,-23.1203,-134.9692,77.41,78,100,15.43,PF,2022-01-18 16:44:49
16,Atuona,-9.8,-139.0333,78.51,75,73,21.5,PF,2022-01-18 16:44:49
17,Praya,14.9215,-23.5087,77.54,65,75,19.57,CV,2022-01-18 16:44:50
18,Bluff,-46.6,168.3333,62.8,96,99,6.62,NZ,2022-01-18 16:44:50
19,Elk Point,42.6833,-96.6836,41.54,44,46,9.48,US,2022-01-18 16:44:50
20,Tuktoyaktuk,69.4541,-133.0374,-20.2,76,75,5.75,CA,2022-01-18 16:44:50
21,Hobart,-42.8794,147.3294,54.27,70,40,10.36,AU,2022-01-18 16:44:51
22,Clyde River,70.4692,-68.5914,-16.37,69,75,14.97,CA,2022-01-18 16:44:51
23,Ushuaia,-54.8,-68.3,55.02,71,75,29.93,AR,2022-01-18 16:42:35
24,Sao Filipe,14.8961,-24.4956,74.53,74,69,11.54,CV,2022-01-18 16:44:51
25,San Luis,-33.295,-66.3356,54.9,82,100,13.85,AR,2022-01-18 16:42:21
26,Barrow,71.2906,-156.7887,-12.98,70,100,11.5,US,2022-01-18 16:40:01
27,Fare,-16.7,-151.0167,76.06,89,100,18.19,PF,2022-01-18 16:44:51
28,Gunjur,13.2019,-16.7339,96.87,20,0,6.91,GM,2022-01-18 16:44:52
29,La Ronge,55.1001,-105.2842,-10.95,77,100,10.36,CA,2022-01-18 16:44:52
30,Pevek,69.7008,170.3133,-34.47,97,21,2.71,RU,2022-01-18 16:44:52
31,Verkhnevilyuysk,63.4453,120.3167,-23.1,94,6,5.46,RU,2022-01-18 16:44:53
32,Karratha,-20.7377,116.8463,81.5,64,1,7.67,AU,2022-01-18 16:44:53
33,Bengkulu,-3.8004,102.2655,75.07,91,100,5.1,ID,2022-01-18 16:43:54
34,Peleduy,59.6289,112.7406,-8.18,89,100,2.37,RU,2022-01-18 16:44:53
35,Port Alfred,-33.5906,26.891,73.15,85,45,24.81,ZA,2022-01-18 16:44:53
36,Tasiilaq,65.6145,-37.6368,15.96,56,7,10.07,GL,2022-01-18 16:44:53
37,Liepaja,56.5419,21.0367,35.65,80,0,5.75,LV,2022-01-18 16:44:54
38,Manado,1.487,124.8455,75.97,94,40,2.3,ID,2022-01-18 16:44:54
39,Mahebourg,-20.4081,57.7,82.26,89,75,4.61,MU,2022-01-18 16:44:54
40,Antofagasta,-23.65,-70.4,72.21,49,24,9.98,CL,2022-01-18 16:44:54
41,Sabzevar,36.2126,57.6819,38.48,93,40,11.5,IR,2022-01-18 16:44:55
42,Touros,-5.1989,-35.4608,86.9,60,38,15.17,BR,2022-01-18 16:44:55
43,Kruisfontein,-34.0033,24.7314,69.24,82,33,14.25,ZA,2022-01-18 16:44:55
44,Chokurdakh,70.6333,147.9167,-40.4,99,77,6.78,RU,2022-01-18 16:44:55
45,Rocha,-34.4833,-54.3333,74.75,75,100,12.46,UY,2022-01-18 16:44:56
46,Zhigansk,66.7697,123.3711,-30.35,97,60,15.66,RU,2022-01-18 16:44:56
47,Puerto Ayora,-0.7393,-90.3518,80.56,82,99,11.01,EC,2022-01-18 16:44:56
48,Saint-Philippe,-21.3585,55.7679,81.99,85,100,6.22,RE,2022-01-18 16:44:57
49,Ilulissat,69.2167,-51.1,8.62,47,40,18.41,GL,2022-01-18 16:44:57
50,Cape Town,-33.9258,18.4232,72.1,56,40,5.99,ZA,2022-01-18 16:40:45
51,Saskylakh,71.9167,114.0833,-9.24,96,65,9.1,RU,2022-01-18 16:44:57
52,Pangnirtung,66.1451,-65.7125,5.0,78,100,6.91,CA,2022-01-18 16:44:57
53,Warmbad,-28.45,18.7333,87.06,22,14,21.68,NA,2022-01-18 16:44:57
54,Hermanus,-34.4187,19.2345,69.91,72,42,20.85,ZA,2022-01-18 16:41:00
55,Torbay,47.6666,-52.7314,37.27,91,100,28.77,CA,2022-01-18 16:44:58
56,Iqaluit,63.7506,-68.5145,-11.31,76,75,5.99,CA,2022-01-18 16:44:58
57,Punta Arenas,-53.15,-70.9167,62.71,51,0,31.07,CL,2022-01-18 16:44:58
58,New Norfolk,-42.7826,147.0587,53.92,64,30,1.99,AU,2022-01-18 16:44:59
59,Weiden,49.6775,12.1567,36.84,93,100,0.0,DE,2022-01-18 16:44:59
60,Sale,34.0389,-6.8166,63.28,82,100,0.0,MA,2022-01-18 16:44:59
61,Ben Tre,10.2333,106.3833,75.11,79,43,8.14,VN,2022-01-18 16:44:59
62,Albany,42.6001,-73.9662,24.8,64,77,5.99,US,2022-01-18 16:44:59
63,Ostrovnoy,68.0531,39.5131,13.41,92,100,10.33,RU,2022-01-18 16:45:00
64,Tshikapa,-6.4167,20.8,71.58,95,100,3.91,CD,2022-01-18 16:45:00
65,Bonthe,7.5264,-12.505,84.96,66,21,13.38,SL,2022-01-18 16:45:00
66,Butaritari,3.0707,172.7902,81.82,79,84,17.65,KI,2022-01-18 16:45:01
67,Vaini,-21.2,-175.2,78.96,94,20,4.61,TO,2022-01-18 16:45:01
68,Ponta Do Sol,32.6667,-17.1,66.0,91,96,15.79,PT,2022-01-18 16:45:01
69,Bredasdorp,-34.5322,20.0403,76.32,50,45,27.63,ZA,2022-01-18 16:45:01
70,Vanimo,-2.6741,141.3028,76.48,91,100,11.97,PG,2022-01-18 16:45:02
71,Tura,25.5198,90.2201,59.49,62,55,2.82,IN,2022-01-18 16:45:02
72,Mataura,-46.1927,168.8643,62.47,99,99,2.24,NZ,2022-01-18 16:45:03
73,Lebu,-37.6167,-73.65,59.65,53,7,20.29,CL,2022-01-18 16:45:03
74,Qaanaaq,77.484,-69.3632,-16.26,62,40,8.48,GL,2022-01-18 16:45:03
75,Tahe,52.3333,124.7333,-19.05,96,8,3.8,CN,2022-01-18 16:45:03
76,Codrington,-38.2667,141.9667,59.05,74,94,16.33,AU,2022-01-18 16:45:04
77,Kahului,20.8947,-156.47,69.84,83,0,0.0,US,2022-01-18 16:44:49
78,Upernavik,72.7868,-56.1549,6.73,67,100,10.36,GL,2022-01-18 16:45:01
79,Broome,42.2506,-75.833,25.7,75,100,5.99,US,2022-01-18 16:45:04
80,Kaitangata,-46.2817,169.8464,58.95,96,100,4.16,NZ,2022-01-18 16:45:05
81,Asau,46.4333,26.4,33.4,64,85,6.82,RO,2022-01-18 16:45:05
82,Zhangjiakou,40.81,114.8794,19.29,57,13,6.35,CN,2022-01-18 16:45:05
83,Morondava,-20.2833,44.2833,82.42,75,90,11.45,MG,2022-01-18 16:45:05
84,Tecpan,14.7623,-90.9947,58.05,34,0,4.0,GT,2022-01-18 16:45:06
85,Vila Velha,-20.3297,-40.2925,87.75,76,40,13.0,BR,2022-01-18 16:45:06
86,Ghanzi,-21.5667,21.7833,79.12,50,61,8.95,BW,2022-01-18 16:45:06
87,Grand Gaube,-20.0064,57.6608,82.38,82,95,3.0,MU,2022-01-18 16:45:06
88,Kavieng,-2.5744,150.7967,81.84,77,100,9.66,PG,2022-01-18 16:45:07
89,Dikson,73.5069,80.5464,-0.02,97,99,4.81,RU,2022-01-18 16:45:07
90,Padang,-0.9492,100.3543,76.05,88,100,4.18,ID,2022-01-18 16:45:07
91,Graham,47.0529,-122.2943,46.13,93,100,0.0,US,2022-01-18 16:45:07
92,Voh,-20.9667,164.7,72.1,85,10,5.41,NC,2022-01-18 16:45:08
93,Kostomuksha,64.571,30.5767,15.53,86,92,8.57,RU,2022-01-18 16:45:08
94,Bystrice,49.6366,18.7204,32.83,90,86,2.57,CZ,2022-01-18 16:45:08
95,Salalah,17.0151,54.0924,77.09,65,0,3.44,OM,2022-01-18 16:45:08
96,Usinsk,65.9939,57.5281,12.06,97,100,4.21,RU,2022-01-18 16:45:09
97,Hualmay,-11.0964,-77.6139,75.74,75,40,8.46,PE,2022-01-18 16:45:09
98,Myitkyina,25.3833,97.4,56.41,65,93,2.19,MM,2022-01-18 16:45:09
99,Saint Anthony,45.0205,-93.218,34.14,83,75,5.01,US,2022-01-18 16:45:09
100,Honningsvag,70.9821,25.9704,35.35,98,100,20.76,NO,2022-01-18 16:45:10
101,Lagoa,39.05,-27.9833,56.84,87,100,9.53,PT,2022-01-18 16:45:10
102,Geraldton,-28.7667,114.6,85.12,61,40,5.75,AU,2022-01-18 16:45:10
103,Lazarev,52.225,141.5131,-11.09,94,80,5.59,RU,2022-01-18 16:45:11
104,Moose Factory,51.2585,-80.6094,-16.6,69,0,6.91,CA,2022-01-18 16:45:11
105,Lumphat,13.4878,106.9816,71.62,71,89,9.35,KH,2022-01-18 16:45:11
106,Provideniya,64.3833,-173.3,-9.6,84,10,6.06,RU,2022-01-18 16:45:11
107,Stavern,59.0,10.0333,45.32,87,100,10.98,NO,2022-01-18 16:45:11
108,Klyuchi,52.2667,79.1667,2.64,99,53,4.56,RU,2022-01-18 16:45:12
109,Katsuura,35.1333,140.3,41.02,47,19,18.48,JP,2022-01-18 16:45:12
110,Sambava,-14.2667,50.1667,80.24,82,100,5.1,MG,2022-01-18 16:44:58
111,Dergachi,51.2328,48.7659,28.33,91,100,15.3,RU,2022-01-18 16:45:12
112,Carnarvon,-24.8667,113.6333,80.67,74,43,11.5,AU,2022-01-18 16:45:13
113,Hithadhoo,-0.6,73.0833,82.35,76,100,10.2,MV,2022-01-18 16:45:13
114,Shache,38.4167,77.2406,29.37,35,0,4.68,CN,2022-01-18 16:45:13
115,Hasaki,35.7333,140.8333,32.4,44,1,15.52,JP,2022-01-18 16:45:14
116,Surt,31.2089,16.5887,59.23,68,78,18.16,LY,2022-01-18 16:45:14
117,Kapaa,22.0752,-159.319,71.58,78,100,8.05,US,2022-01-18 16:45:14
118,Kidal,18.4411,1.4078,71.29,10,0,13.94,ML,2022-01-18 16:45:14
119,Dudinka,69.4058,86.1778,7.63,92,100,18.07,RU,2022-01-18 16:45:15
120,Brigantine,39.4101,-74.3646,40.33,56,100,17.27,US,2022-01-18 16:45:15
121,Ishigaki,24.3448,124.1572,66.29,80,100,26.64,JP,2022-01-18 16:45:15
122,Uruana,-15.4981,-49.6875,83.66,61,12,3.24,BR,2022-01-18 16:45:15
123,Kodiak,57.79,-152.4072,31.51,86,100,0.0,US,2022-01-18 16:45:16
124,Kralendijk,12.15,-68.2667,84.18,65,75,13.8,BQ,2022-01-18 16:45:16
125,Lingyuan,41.24,119.4011,9.9,70,7,6.46,CN,2022-01-18 16:45:16
126,Buchanan,5.8808,-10.0467,89.56,68,10,12.15,LR,2022-01-18 16:45:16
127,Iracoubo,5.4802,-53.2011,80.22,78,60,7.4,GF,2022-01-18 16:45:17
128,Tiksi,71.6872,128.8694,1.33,77,100,23.71,RU,2022-01-18 16:45:17
129,Bratsk,56.1325,101.6142,12.69,97,100,3.38,RU,2022-01-18 16:45:17
130,Svetlaya,46.5389,138.3297,12.0,74,97,7.78,RU,2022-01-18 16:45:18
131,Tolaga Bay,-38.3667,178.3,59.43,63,64,3.18,NZ,2022-01-18 16:45:18
132,Gazanjyk,39.2446,55.5154,36.59,85,100,2.64,TM,2022-01-18 16:45:18
133,Lorengau,-2.0226,147.2712,80.51,84,100,15.79,PG,2022-01-18 16:45:18
134,Port Blair,11.6667,92.75,78.64,74,63,7.65,IN,2022-01-18 16:45:19
135,Severobaykalsk,55.65,109.3167,0.54,89,98,3.15,RU,2022-01-18 16:45:19
136,Jiancheng,30.391,104.5491,45.61,67,100,2.1,CN,2022-01-18 16:45:19
137,Havoysund,70.9963,24.6622,36.48,99,100,25.93,NO,2022-01-18 16:45:19
138,Yulara,-25.2406,130.9889,69.64,83,100,11.5,AU,2022-01-18 16:45:20
139,Ibra,22.6906,58.5334,75.15,51,0,3.78,OM,2022-01-18 16:45:20
140,Sur,22.5667,59.5289,74.93,71,0,11.68,OM,2022-01-18 16:45:20
141,Aksarka,66.5606,67.7975,-18.63,99,83,5.23,RU,2022-01-18 16:45:20
142,Thinadhoo,0.5333,72.9333,83.03,76,99,13.85,MV,2022-01-18 16:45:21
143,Haverfordwest,51.8017,-4.9691,48.16,88,67,1.99,GB,2022-01-18 16:45:21
144,Angoche,-16.2325,39.9086,78.21,88,65,6.87,MZ,2022-01-18 16:45:21
145,San Jose,37.3394,-121.895,54.86,85,100,4.61,US,2022-01-18 16:41:45
146,East London,-33.0153,27.9116,74.34,73,75,24.16,ZA,2022-01-18 16:42:36
147,Coquimbo,-29.9533,-71.3436,67.73,59,0,14.97,CL,2022-01-18 16:45:21
148,Saint-Joseph,-21.3667,55.6167,80.98,85,100,2.75,RE,2022-01-18 16:45:22
149,Sandpoint,48.2766,-116.5533,35.44,91,100,8.05,US,2022-01-18 16:44:38
150,Mujiayingzi,42.1167,118.7833,6.3,60,8,1.99,CN,2022-01-18 16:45:22
151,Nsanje,-16.92,35.262,77.61,82,86,5.44,MW,2022-01-18 16:45:22
152,Bethel,41.3712,-73.414,35.04,54,62,13.0,US,2022-01-18 16:45:23
153,Khatanga,71.9667,102.5,-21.32,98,41,4.68,RU,2022-01-18 16:45:23
154,Avarua,-21.2078,-159.775,78.85,89,100,11.5,CK,2022-01-18 16:45:23
155,Bambanglipuro,-7.95,110.2833,64.6,89,72,7.02,ID,2022-01-18 16:45:23
156,Katete,-0.7818,29.7544,61.59,97,100,0.89,UG,2022-01-18 16:45:24
157,Ribeira Grande,38.5167,-28.7,63.0,72,20,5.75,PT,2022-01-18 16:45:24
158,Muzhi,65.3667,64.6667,1.54,93,97,0.63,RU,2022-01-18 16:45:24
159,Aktash,50.3,87.7333,2.98,96,92,3.62,RU,2022-01-18 16:45:24
160,Ahipara,-35.1667,173.1667,61.3,88,14,4.88,NZ,2022-01-18 16:45:25
161,Bardiyah,31.7561,25.0865,55.9,80,11,18.92,LY,2022-01-18 16:45:25
162,Mar Del Plata,-38.0023,-57.5575,66.22,81,100,13.0,AR,2022-01-18 16:45:25
163,Yar-Sale,66.8333,70.8333,-15.2,100,45,4.07,RU,2022-01-18 16:45:25
164,Guasdualito,7.2424,-70.7324,85.96,69,40,4.61,VE,2022-01-18 16:45:26
165,Mount Isa,-20.7333,139.5,76.77,94,100,10.36,AU,2022-01-18 16:45:26
166,Saru Dornei,47.2833,25.35,21.4,78,99,4.23,RO,2022-01-18 16:45:26
167,Camocim,-2.9022,-40.8411,85.03,68,51,17.38,BR,2022-01-18 16:45:26
168,Westport,41.1415,-73.3579,37.18,49,40,1.99,US,2022-01-18 16:45:27
169,Novobirilyussy,56.9514,90.6661,9.79,94,28,7.58,RU,2022-01-18 16:45:27
170,Cabo San Lucas,22.8909,-109.9124,94.3,46,81,2.01,MX,2022-01-18 16:45:28
171,Tagusao,9.1924,117.8141,78.08,78,77,8.88,PH,2022-01-18 16:45:28
172,Chik,54.9928,82.4311,11.95,85,0,8.95,RU,2022-01-18 16:45:28
173,Fortuna,40.5982,-124.1573,45.66,92,59,1.01,US,2022-01-18 16:45:28
174,Kibala,9.1104,18.3463,87.75,19,0,9.22,TD,2022-01-18 16:45:29
175,Wanlaweyn,2.6185,44.8938,80.1,64,30,19.37,SO,2022-01-18 16:45:29
176,Gambela,8.25,34.5833,82.49,27,71,0.89,ET,2022-01-18 16:45:29
177,Cascais,38.6979,-9.4215,60.51,55,0,1.99,PT,2022-01-18 16:45:29
178,Gazimurskiy Zavod,51.5461,118.3266,-27.87,100,7,1.68,RU,2022-01-18 16:45:30
179,Poli,-3.3333,36.8,75.47,57,75,9.22,TZ,2022-01-18 16:45:30
180,Severo-Kurilsk,50.6789,156.125,27.09,81,99,4.61,RU,2022-01-18 16:45:30
181,Tual,-5.6667,132.75,79.32,80,100,8.93,ID,2022-01-18 16:45:30
182,Nikolskoye,59.7035,30.7861,17.49,95,72,4.05,RU,2022-01-18 16:45:31
183,Menongue,-14.6585,17.691,73.02,58,89,3.67,AO,2022-01-18 16:45:31
184,San Juan,-31.5375,-68.5364,66.63,43,87,14.81,AR,2022-01-18 16:42:01
185,Hashtrud,37.4779,47.0508,1.11,94,6,2.19,IR,2022-01-18 16:45:31
186,Podyuga,61.095,40.8647,16.36,91,100,10.69,RU,2022-01-18 16:45:31
187,Srednekolymsk,67.45,153.6833,-45.45,99,66,5.01,RU,2022-01-18 16:45:32
188,Alofi,-19.0595,-169.9187,80.49,94,73,11.5,NU,2022-01-18 16:45:32
189,Norman Wells,65.282,-126.8329,-30.96,68,40,2.3,CA,2022-01-18 16:45:32
190,Muros,42.7762,-9.0603,59.5,75,1,4.61,ES,2022-01-18 16:45:32
191,Longyearbyen,78.2186,15.6401,12.04,67,40,35.68,SJ,2022-01-18 16:45:33
192,Oranjestad,12.524,-70.027,84.15,58,40,19.57,AW,2022-01-18 16:45:33
193,Puerto Narino,-3.7703,-70.3831,89.55,45,38,1.61,CO,2022-01-18 16:45:33
194,Tartus,34.889,35.8866,55.69,65,98,36.06,SY,2022-01-18 16:45:33
195,Wadi Musa,30.3222,35.4793,37.72,44,0,2.62,JO,2022-01-18 16:45:34
196,Opuwo,-18.0607,13.84,84.06,23,40,18.54,NA,2022-01-18 16:45:34
197,Genhe,50.7833,121.5167,-25.08,99,7,1.19,CN,2022-01-18 16:41:12
198,Sitka,57.0531,-135.33,33.69,80,40,3.44,US,2022-01-18 16:45:34
199,Tautira,-17.7333,-149.15,77.02,79,100,13.38,PF,2022-01-18 16:45:35
200,Yarmouth,41.7057,-70.2286,34.25,55,0,28.01,US,2022-01-18 16:45:35
201,Cidreira,-30.1811,-50.2056,79.54,78,100,4.14,BR,2022-01-18 16:45:35
202,Margate,51.3813,1.3862,42.31,99,2,2.24,GB,2022-01-18 16:45:36
203,Raga,8.4596,25.678,77.74,22,48,5.75,SS,2022-01-18 16:45:36
204,Georgetown,5.4112,100.3354,83.89,74,20,5.99,MY,2022-01-18 16:43:50
205,Constitucion,-35.3333,-72.4167,65.53,40,100,16.4,CL,2022-01-18 16:45:36
206,Brasileia,-11.0161,-68.7481,86.45,74,75,6.91,BR,2022-01-18 16:45:36
207,Bandarbeyla,9.4942,50.8122,77.92,77,100,12.35,SO,2022-01-18 16:43:43
208,Galle,6.0367,80.217,77.23,81,91,2.71,LK,2022-01-18 16:45:37
209,Ust-Ilimsk,58.0006,102.6619,16.88,98,100,4.05,RU,2022-01-18 16:45:37
210,Mattru,7.6244,-11.8332,93.85,32,30,5.08,SL,2022-01-18 16:45:37
211,Vulcan,45.3833,23.2667,22.84,79,11,9.98,RO,2022-01-18 16:45:37
212,Verkhoyansk,67.5447,133.385,-47.9,100,67,1.28,RU,2022-01-18 16:45:38
213,Coihaique,-45.5752,-72.0662,65.01,32,20,6.91,CL,2022-01-18 16:44:01
214,Goundam,16.4145,-3.6708,79.86,7,0,15.28,ML,2022-01-18 16:45:38
215,Luderitz,-26.6481,15.1594,77.0,57,7,26.26,NA,2022-01-18 16:45:38
216,Tucurui,-3.7661,-49.6725,82.27,77,99,4.32,BR,2022-01-18 16:45:38
217,Kalemie,-5.9475,29.1947,68.09,89,100,6.55,CD,2022-01-18 16:45:39
218,Vao,-22.6667,167.4833,76.33,76,36,13.78,NC,2022-01-18 16:45:39
219,Bryan,30.6744,-96.37,66.61,69,0,13.8,US,2022-01-18 16:45:39
220,Alihe,50.5667,123.7167,-16.56,97,13,3.15,CN,2022-01-18 16:45:39
221,Isangel,-19.55,169.2667,77.97,82,35,9.15,VU,2022-01-18 16:45:40
222,Port Hardy,50.6996,-127.4199,43.75,100,100,4.61,CA,2022-01-18 16:42:13
223,Guerrero Negro,27.9769,-114.0611,65.34,72,99,9.1,MX,2022-01-18 16:45:40
224,Port Lincoln,-34.7333,135.8667,62.26,72,87,21.32,AU,2022-01-18 16:45:40
225,Klaksvik,62.2266,-6.589,47.32,89,100,23.8,FO,2022-01-18 16:45:40
226,Barra Do Bugres,-15.0725,-57.1811,91.72,45,32,4.85,BR,2022-01-18 16:45:41
227,Camacha,33.0833,-16.3333,62.53,68,20,17.27,PT,2022-01-18 16:45:41
228,Rudbar,30.15,62.6,59.29,90,98,14.9,AF,2022-01-18 16:45:41
229,Porto Novo,6.4965,2.6036,84.83,59,16,11.03,BJ,2022-01-18 16:45:42
230,Szegvar,46.5874,20.2241,36.14,96,4,7.0,HU,2022-01-18 16:45:42
231,Hobyo,5.3505,48.5268,78.58,75,54,9.6,SO,2022-01-18 16:45:42
232,Vestmannaeyjar,63.4427,-20.2734,36.59,80,40,19.57,IS,2022-01-18 16:44:51
233,Castro,-24.7911,-50.0119,76.77,73,14,5.61,BR,2022-01-18 16:45:42
234,Puck,54.7179,18.4084,35.01,83,12,10.74,PL,2022-01-18 16:45:43
235,Bac Lieu,9.285,105.7244,76.26,81,76,17.07,VN,2022-01-18 16:45:20
236,Lakefield,43.6775,-95.1717,36.91,83,75,1.99,US,2022-01-18 16:45:43
237,Maxixe,-23.8597,35.3472,80.42,74,40,5.01,MZ,2022-01-18 16:45:43
238,Mwinilunga,-11.7358,24.4293,61.77,96,100,4.05,ZM,2022-01-18 16:45:43
239,Tarko-Sale,64.9225,77.785,4.28,95,100,15.14,RU,2022-01-18 16:45:43
240,Alugan,12.2188,125.4808,76.91,89,100,14.79,PH,2022-01-18 16:45:44
241,Luebo,-5.35,21.4167,70.99,96,100,2.08,CD,2022-01-18 16:45:44
242,Bima,-8.4667,118.7167,75.79,92,98,1.97,ID,2022-01-18 16:45:45
243,Victoria,22.2855,114.1577,63.32,79,4,1.01,HK,2022-01-18 16:41:42
244,Olafsvik,64.8945,-23.7142,35.58,59,100,29.24,IS,2022-01-18 16:45:45
245,Port Keats,-14.25,129.55,80.65,80,85,4.03,AU,2022-01-18 16:45:45
246,Bonavista,48.6499,-53.1147,38.12,88,100,40.69,CA,2022-01-18 16:45:46
247,Souillac,-20.5167,57.5167,82.36,89,75,4.61,MU,2022-01-18 16:45:46
248,Ponerihouen,-21.0833,165.4,74.57,77,51,7.87,NC,2022-01-18 16:45:47
249,Talnakh,69.4865,88.3972,7.21,91,100,19.22,RU,2022-01-18 16:45:47
250,Itarema,-2.9248,-39.9167,87.8,58,19,17.96,BR,2022-01-18 16:45:47
251,Havelock,34.8791,-76.9013,45.99,53,0,8.99,US,2022-01-18 16:45:47
252,Evensk,61.95,159.2333,2.32,60,0,12.48,RU,2022-01-18 16:45:48
253,Dryden,49.7833,-92.7503,5.29,85,100,12.66,CA,2022-01-18 16:43:58
254,Grindavik,63.8424,-22.4338,36.07,75,20,18.41,IS,2022-01-18 16:45:48
255,Arraial Do Cabo,-22.9661,-42.0278,89.56,70,0,17.27,BR,2022-01-18 16:45:48
256,Cayenne,4.9333,-52.3333,86.04,84,75,1.99,GF,2022-01-18 16:43:35
257,Urcos,-13.6861,-71.6228,58.89,70,100,4.0,PE,2022-01-18 16:45:49
258,Pangody,65.85,74.4859,-2.67,99,94,8.34,RU,2022-01-18 16:45:49
259,Faanui,-16.4833,-151.75,75.04,91,100,23.15,PF,2022-01-18 16:44:57
260,Sistranda,63.7256,8.834,46.36,85,100,43.08,NO,2022-01-18 16:45:49
261,Maceio,-9.6658,-35.7353,90.84,45,40,11.5,BR,2022-01-18 16:41:17
262,Handia,25.3833,82.1833,49.87,43,3,4.7,IN,2022-01-18 16:45:50
263,Sechura,-5.5569,-80.8222,80.11,58,13,8.81,PE,2022-01-18 16:45:50
264,Pameungpeuk,-7.0183,107.6039,70.56,94,84,1.83,ID,2022-01-18 16:45:50
265,Poronaysk,49.2167,143.1167,1.33,84,21,10.56,RU,2022-01-18 16:45:51
266,Chara,56.9064,118.2631,-25.01,53,3,1.7,RU,2022-01-18 16:45:51
267,Hervey Bay,-25.2986,152.8535,74.03,86,82,1.01,AU,2022-01-18 16:45:51
268,Gorontalo,0.5412,123.0595,74.16,96,87,3.42,ID,2022-01-18 16:45:51
269,Nosy Varika,-20.5833,48.5333,76.37,85,83,2.57,MG,2022-01-18 16:45:52
270,Port Elizabeth,-33.918,25.5701,71.89,78,20,20.71,ZA,2022-01-18 16:45:52
271,Airai,-8.9266,125.4092,60.94,95,100,1.52,TL,2022-01-18 16:45:52
272,Thompson,55.7435,-97.8558,-20.04,76,75,2.3,CA,2022-01-18 16:45:52
273,Salinas,36.6777,-121.6555,56.01,83,100,0.0,US,2022-01-18 16:45:29
274,Namtsy,62.7161,129.6658,-39.89,100,92,1.92,RU,2022-01-18 16:45:53
275,Kholodnyy,62.7167,147.95,-33.81,89,22,1.95,RU,2022-01-18 16:45:53
276,Namibe,-15.1961,12.1522,73.51,65,54,8.93,AO,2022-01-18 16:45:53
277,Tadine,-21.55,167.8833,75.94,82,36,10.65,NC,2022-01-18 16:45:53
278,Okhotsk,59.3833,143.3,-3.39,68,0,12.95,RU,2022-01-18 16:45:54
279,Conde,-7.2597,-34.9075,87.26,66,20,11.5,BR,2022-01-18 16:45:54
280,Cherskiy,68.75,161.3,-47.24,100,81,4.09,RU,2022-01-18 16:45:54
281,Goma,-1.6792,29.2228,63.45,89,100,5.08,CD,2022-01-18 16:45:55
282,Lompoc,34.6391,-120.4579,58.19,91,100,10.0,US,2022-01-18 16:45:55
283,Lokosovo,61.1333,74.8167,14.67,93,99,12.19,RU,2022-01-18 16:45:55
284,Plettenberg Bay,-34.0527,23.3716,71.26,80,43,10.76,ZA,2022-01-18 16:45:55
285,San Martin,-33.081,-68.4681,57.74,51,97,15.23,AR,2022-01-18 16:45:56
286,South Lake Tahoe,38.9332,-119.9844,41.25,87,38,3.58,US,2022-01-18 16:43:11
287,Anamur,36.0751,32.8369,50.02,81,97,11.14,TR,2022-01-18 16:45:56
288,Nome,64.5011,-165.4064,-18.33,69,0,0.0,US,2022-01-18 16:45:56
289,Nefteyugansk,61.0998,72.6035,17.85,91,100,16.58,RU,2022-01-18 16:45:56
290,Orlik,52.5178,99.825,18.3,97,100,0.98,RU,2022-01-18 16:45:57
291,Gat,31.61,34.7642,50.68,60,1,5.93,IL,2022-01-18 16:41:02
292,Oranjemund,-28.55,16.4333,72.27,76,22,13.67,NA,2022-01-18 16:45:57
293,Paamiut,61.994,-49.6678,24.06,69,100,18.61,GL,2022-01-18 16:45:57
294,Pringsewu,-5.3582,104.9744,74.14,95,100,4.09,ID,2022-01-18 16:45:57
295,Nicoya,10.1483,-85.452,83.75,44,29,18.23,CR,2022-01-18 16:45:57
296,Xai-Xai,-25.0519,33.6442,75.99,73,0,8.12,MZ,2022-01-18 16:45:58
297,Polyarnyy,69.1989,33.4478,18.07,89,100,21.3,RU,2022-01-18 16:45:58
298,Gorom-Gorom,14.4439,-0.2361,79.88,8,0,13.18,BF,2022-01-18 16:45:58
299,Alekseyevka,50.6309,38.6903,22.73,96,100,2.73,RU,2022-01-18 16:45:59
300,Fukue,32.6881,128.8419,43.79,56,4,9.42,JP,2022-01-18 16:45:59
301,Kalaleh,37.3807,55.4916,41.36,93,100,4.61,IR,2022-01-18 16:45:59
302,Litovko,49.2361,135.1742,-15.75,100,62,2.64,RU,2022-01-18 16:45:59
303,Ambilobe,-13.2,49.05,78.69,84,30,3.4,MG,2022-01-18 16:41:15
304,Imbituba,-28.24,-48.6703,91.29,60,53,9.04,BR,2022-01-18 16:43:38
305,Batemans Bay,-35.7167,150.1833,66.2,86,100,8.32,AU,2022-01-18 16:46:00
306,Marsh Harbour,26.5412,-77.0636,68.02,52,0,7.43,BS,2022-01-18 16:46:00
307,New Plymouth,-39.0667,174.0833,63.05,92,43,8.84,NZ,2022-01-18 16:46:00
308,Qaqortoq,60.7167,-46.0333,21.7,71,100,9.95,GL,2022-01-18 16:46:00
309,Baykit,61.67,96.37,1.0,99,99,2.91,RU,2022-01-18 16:46:01
310,San Pedro,14.35,121.0167,76.32,73,75,4.61,PH,2022-01-18 16:46:01
311,Jalu,29.0331,21.5482,56.05,44,2,8.08,LY,2022-01-18 16:46:02
312,Caravelas,-17.7125,-39.2481,86.74,58,100,7.07,BR,2022-01-18 16:46:03
313,Dubrovnik,42.6481,18.0922,49.62,21,0,13.8,HR,2022-01-18 16:46:03
314,Bubaque,11.2833,-15.8333,79.83,65,10,11.88,GW,2022-01-18 16:46:04
315,Copiapo,-27.3667,-70.3333,67.69,36,0,9.66,CL,2022-01-18 16:46:04
316,Quarteira,37.0695,-8.1006,58.77,67,0,8.05,PT,2022-01-18 16:46:04
317,Ravar,31.2656,56.8055,51.66,57,33,7.07,IR,2022-01-18 16:46:04
318,Morro Bay,35.3658,-120.8499,59.81,91,64,3.8,US,2022-01-18 16:42:39
319,Iskateley,67.6803,53.1512,2.37,95,100,3.85,RU,2022-01-18 16:46:05
320,Singaparna,-7.3515,108.111,72.0,94,91,2.1,ID,2022-01-18 16:46:05
321,Nanortalik,60.1432,-45.2371,24.46,64,100,5.93,GL,2022-01-18 16:46:05
322,Gerash,27.6652,54.1371,51.94,78,100,0.34,IR,2022-01-18 16:46:05
323,Buala,-8.145,159.5921,80.08,81,99,2.68,SB,2022-01-18 16:46:06
324,Port-Cartier,50.0334,-66.8654,30.42,77,79,17.4,CA,2022-01-18 16:46:06
325,Matamoros,25.5333,-103.25,64.11,20,0,0.0,MX,2022-01-18 16:46:06
326,Singleton,-32.5667,151.1833,71.46,95,100,4.0,AU,2022-01-18 16:46:07
327,Progreso,21.2833,-89.6667,75.11,45,1,5.82,MX,2022-01-18 16:46:07
328,Kenai,60.5544,-151.2583,17.02,89,75,5.75,US,2022-01-18 16:46:07
329,Noumea,-22.2763,166.4572,67.98,77,6,7.67,NC,2022-01-18 16:44:57
330,Mnogovershinnyy,53.9353,139.9242,-9.26,88,65,5.39,RU,2022-01-18 16:46:02
331,Dakar,14.6937,-17.4441,92.28,61,3,6.91,SN,2022-01-18 16:44:27
332,Zaraza,9.3503,-65.3245,94.24,32,24,6.78,VE,2022-01-18 16:46:07
333,Prince Rupert,54.3161,-130.3201,37.09,90,40,5.75,CA,2022-01-18 16:41:47
334,Yellowknife,62.456,-114.3525,-35.59,74,0,6.91,CA,2022-01-18 16:41:46
335,Tuatapere,-46.1333,167.6833,62.82,99,100,3.49,NZ,2022-01-18 16:46:08
336,Matara,5.9485,80.5353,75.24,87,94,10.47,LK,2022-01-18 16:46:08
337,Jumla,29.2747,82.1838,35.98,87,18,2.51,NP,2022-01-18 16:46:08
338,North Bend,43.4065,-124.2243,47.86,99,100,11.5,US,2022-01-18 16:46:09
339,Guarapari,-20.6667,-40.4975,87.69,70,0,15.19,BR,2022-01-18 16:46:09
340,Anan,33.9167,134.65,37.27,65,47,14.92,JP,2022-01-18 16:46:09
341,Kyshtovka,56.555,76.6271,14.88,93,100,12.28,RU,2022-01-18 16:46:09
342,Labuhan,-6.8844,112.2051,77.36,85,100,7.09,ID,2022-01-18 16:46:10
343,Guanica,17.9716,-66.908,86.52,61,1,8.01,PR,2022-01-18 16:46:10
344,Valdivia,-39.8142,-73.2459,66.29,25,8,4.72,CL,2022-01-18 16:46:10
345,Pitimbu,-7.4706,-34.8086,88.39,58,15,11.99,BR,2022-01-18 16:46:10
346,Reconquista,-29.15,-59.65,88.5,54,98,12.46,AR,2022-01-18 16:46:11
347,Sorland,67.667,12.6934,44.46,89,100,38.65,NO,2022-01-18 16:46:11
348,Williston,48.147,-103.618,16.21,85,99,20.0,US,2022-01-18 16:46:11
349,Hami,42.8,93.45,25.79,44,7,2.04,CN,2022-01-18 16:46:12
350,Rock Sound,24.9,-76.2,70.14,58,33,11.34,BS,2022-01-18 16:44:56
351,Inongo,-1.95,18.2667,77.32,78,73,3.09,CD,2022-01-18 16:46:12
352,Dalen,52.6992,6.7556,42.91,93,68,5.99,NL,2022-01-18 16:46:12
353,Kloulklubed,7.0419,134.2556,81.1,76,85,15.35,PW,2022-01-18 16:46:13
354,Talaya,61.3833,152.75,-39.62,98,24,0.89,RU,2022-01-18 16:46:13
355,Husavik,66.0449,-17.3389,33.71,85,71,11.14,IS,2022-01-18 16:46:13
356,Rovaniemi,66.5,25.7167,26.01,93,100,10.36,FI,2022-01-18 16:46:13
357,General Pico,-35.6566,-63.7568,55.13,95,100,11.59,AR,2022-01-18 16:46:14
358,Richards Bay,-28.783,32.0377,75.88,69,0,12.97,ZA,2022-01-18 16:46:14
359,Syriam,16.7722,96.2378,75.31,83,20,9.22,MM,2022-01-18 16:46:14
360,Esperance,-33.8667,121.9,60.64,78,3,17.45,AU,2022-01-18 16:46:14
361,Kameoka,35.0,135.5833,34.43,89,60,4.03,JP,2022-01-18 16:46:15
362,Flinders,-34.5833,150.8552,67.8,90,100,7.0,AU,2022-01-18 16:46:15
363,San Diego De La Union,21.4667,-100.8667,66.09,30,0,5.59,MX,2022-01-18 16:46:06
364,Nara,34.6851,135.8049,34.25,65,26,5.08,JP,2022-01-18 16:42:35
365,Kutum,14.2,24.6667,64.67,23,5,6.8,SD,2022-01-18 16:46:15
366,Egvekinot,66.3167,-179.1667,-15.12,75,17,7.16,RU,2022-01-18 16:46:15
367,Mangaratiba,-22.9597,-44.0406,97.93,65,0,6.06,BR,2022-01-18 16:46:16
368,Chishtian Mandi,29.8,72.8667,61.36,28,38,5.35,PK,2022-01-18 16:46:16
369,Boende,-0.2167,20.8667,74.48,79,100,2.55,CD,2022-01-18 16:46:16
370,Kushiro,42.975,144.3747,27.88,86,100,9.33,JP,2022-01-18 16:46:17
371,Acapulco,16.8634,-99.8901,80.42,69,0,6.91,MX,2022-01-18 16:42:16
372,Mayor Pablo Lagerenza,-19.9309,-60.7718,103.77,23,50,13.62,PY,2022-01-18 16:46:17
373,Boyolangu,-8.1181,111.8935,74.97,90,100,4.59,ID,2022-01-18 16:46:17
374,Sobolevo,54.4299,31.8996,17.38,88,100,13.96,RU,2022-01-18 16:46:18
375,Bana,5.1481,10.2762,70.93,60,100,2.37,CM,2022-01-18 16:46:18
376,Eyl,7.9803,49.8164,77.52,78,87,14.23,SO,2022-01-18 16:46:18
377,Namie,37.4833,141.0,32.97,61,0,13.24,JP,2022-01-18 16:46:18
378,Yurginskoye,56.8189,67.3921,11.39,91,35,11.3,RU,2022-01-18 16:46:19
379,Yeppoon,-23.1333,150.7333,76.78,70,61,10.67,AU,2022-01-18 16:46:19
380,Necochea,-38.5473,-58.7368,65.03,59,100,18.86,AR,2022-01-18 16:46:19
381,Nianzishan,47.5167,122.8833,-12.44,94,5,3.85,CN,2022-01-18 16:46:20
382,Waingapu,-9.6567,120.2641,78.42,82,100,7.52,ID,2022-01-18 16:46:20
383,Kupang,-10.1667,123.5833,75.78,100,75,2.3,ID,2022-01-18 16:46:20
384,Newport,51.5877,-2.9984,46.54,86,85,2.77,GB,2022-01-18 16:46:20
385,Saurimo,-9.6608,20.3916,66.56,91,100,4.36,AO,2022-01-18 16:46:21
386,Janakkala,60.9,24.6,29.48,94,100,8.37,FI,2022-01-18 16:46:21
387,Zarubino,42.63,131.0922,13.23,61,31,10.83,RU,2022-01-18 16:46:21
388,Comodoro Rivadavia,-45.8667,-67.5,69.66,19,0,5.75,AR,2022-01-18 16:46:21
389,Sakaiminato,35.55,133.2333,35.58,93,75,5.75,JP,2022-01-18 16:46:22
390,Kalevala,65.2,31.1667,14.63,87,97,7.11,RU,2022-01-18 16:46:22
391,Kamenka,51.3223,42.7678,32.76,95,100,12.3,RU,2022-01-18 16:46:22
392,Ancud,-41.8697,-73.8203,63.93,47,3,3.36,CL,2022-01-18 16:43:58
393,Tarauaca,-8.1614,-70.7656,94.71,39,31,4.34,BR,2022-01-18 16:46:22
394,Kapoeta,4.7717,33.5903,78.53,54,99,5.19,SS,2022-01-18 16:46:23
395,Honiara,-9.4333,159.95,77.88,88,69,1.7,SB,2022-01-18 16:46:23
396,Ramanathapuram,9.3833,78.8333,79.14,66,73,19.73,IN,2022-01-18 16:46:23
397,Ngunguru,-35.6167,174.5,58.15,89,16,6.78,NZ,2022-01-18 16:46:23
398,Grinnell,41.743,-92.7224,33.19,90,0,5.01,US,2022-01-18 16:46:24
399,Yerbogachen,61.2767,108.0108,6.87,97,100,4.83,RU,2022-01-18 16:46:24
400,Mitu,1.1983,-70.1733,86.92,58,99,2.59,CO,2022-01-18 16:46:24
401,Santa Cruz,-17.8,-63.1667,83.66,69,75,23.02,BO,2022-01-18 16:46:24
402,Ginir,7.1333,40.7,64.2,26,71,2.17,ET,2022-01-18 16:46:25
403,Wuwei,37.9281,102.6414,31.75,20,0,1.79,CN,2022-01-18 16:46:25
404,Beringovskiy,63.05,179.3167,-19.23,90,42,11.1,RU,2022-01-18 16:46:25
405,Slave Lake,55.2834,-114.769,-14.82,76,0,10.36,CA,2022-01-18 16:46:25
406,Katobu,-4.9408,122.5276,75.54,93,100,4.21,ID,2022-01-18 16:46:26
407,Fort-Shevchenko,44.5086,50.263,38.05,69,94,22.01,KZ,2022-01-18 16:46:26
408,Bowen,-20.0167,148.2333,75.42,74,94,11.9,AU,2022-01-18 16:46:26
409,Malanje,-9.5402,16.341,65.66,79,84,4.72,AO,2022-01-18 16:46:26
410,Sivaki,52.6333,126.75,-14.62,92,7,6.73,RU,2022-01-18 16:46:27
411,Asfi,32.2994,-9.2372,65.1,53,99,9.78,MA,2022-01-18 16:46:27
412,Pisco,-13.7,-76.2167,74.01,88,40,9.22,PE,2022-01-18 16:44:56
413,Tabora,-5.0167,32.8,64.18,94,100,10.36,TZ,2022-01-18 16:46:27
414,Benguela,-12.5763,13.4055,76.59,65,95,8.48,AO,2022-01-18 16:46:27
415,Mehamn,71.0357,27.8492,24.71,97,100,18.39,NO,2022-01-18 16:46:27
416,Semey,50.4111,80.2275,18.45,96,100,3.36,KZ,2022-01-18 16:46:28
417,Nkhotakota,-12.9274,34.2961,74.89,85,89,3.15,MW,2022-01-18 16:46:28
418,Wanning,18.8003,110.3967,63.59,93,60,8.77,CN,2022-01-18 16:46:28
419,Chengde,40.9725,117.9361,16.41,49,6,3.36,CN,2022-01-18 16:46:28
420,Batticaloa,7.7102,81.6924,78.37,79,88,12.86,LK,2022-01-18 16:46:29
421,Derazhnya,49.2692,27.4338,25.16,70,31,20.47,UA,2022-01-18 16:46:29
422,Faya,18.3851,42.4509,59.11,82,41,6.13,SA,2022-01-18 16:46:29
423,Suzun,53.7841,82.3116,-1.32,100,95,2.37,RU,2022-01-18 16:46:29
424,Taunggyi,20.7833,97.0333,50.41,77,0,0.4,MM,2022-01-18 16:46:30
425,Pryyutivka,48.7209,33.0708,23.27,82,100,20.67,UA,2022-01-18 16:46:30
426,Douentza,14.9951,-2.9517,80.69,7,0,12.37,ML,2022-01-18 16:46:30
427,Avera,33.194,-82.5271,47.71,46,2,5.7,US,2022-01-18 16:46:30
428,Ketchikan,55.3422,-131.6461,30.18,93,0,0.0,US,2022-01-18 16:46:31
429,Lahij,13.1667,44.5833,72.77,66,5,5.91,YE,2022-01-18 16:46:31
430,Rancho Veloz,22.8806,-80.3917,72.09,55,58,12.33,CU,2022-01-18 16:46:31
431,Luganville,-15.5333,167.1667,78.98,79,60,5.79,VU,2022-01-18 16:46:31
432,Broken Hill,-31.95,141.4333,65.91,82,100,8.05,AU,2022-01-18 16:46:32
433,Pochutla,15.7432,-96.4661,85.82,41,1,6.31,MX,2022-01-18 16:46:32
434,Waddan,29.1614,16.139,55.76,44,4,9.33,LY,2022-01-18 16:46:32
435,San Patricio,28.017,-97.5169,73.49,50,7,15.43,US,2022-01-18 16:46:32
436,Sorumsand,59.9851,11.2398,30.11,91,100,3.47,NO,2022-01-18 16:46:33
437,Koungou,-12.7336,45.2042,83.91,74,20,10.36,YT,2022-01-18 16:46:33
438,Yanam,16.7333,82.2167,73.8,84,3,2.48,IN,2022-01-18 16:46:06
439,Petropavlovsk-Kamchatskiy,53.0452,158.6483,19.99,53,75,11.18,RU,2022-01-18 16:43:53
440,Kushmurun,52.4503,64.6311,3.04,95,29,9.71,KZ,2022-01-18 16:46:33
441,Minsk,53.9,27.5667,24.55,72,18,13.4,BY,2022-01-18 16:42:40
442,Saldanha,-33.0117,17.9442,75.25,74,27,15.12,ZA,2022-01-18 16:46:33
443,Atar,20.5169,-13.0499,83.23,9,75,13.13,MR,2022-01-18 16:43:36
444,Belawan,3.7755,98.6832,77.29,88,91,3.91,ID,2022-01-18 16:46:34
445,Krasnaya Yaruga,50.8008,35.6583,23.11,94,100,19.55,RU,2022-01-18 16:46:34
446,Xam Nua,20.4197,104.0439,52.79,93,96,1.54,LA,2022-01-18 16:46:34
447,Urengoy,65.9667,78.3667,2.07,96,99,11.81,RU,2022-01-18 16:46:34
448,Kearney,40.6995,-99.0815,52.36,56,0,9.22,US,2022-01-18 16:46:35
449,Montepuez,-13.1256,38.9997,72.95,85,96,4.21,MZ,2022-01-18 16:46:35
450,Greenfield,42.9614,-88.0126,32.58,68,75,3.0,US,2022-01-18 16:46:35
451,Dingle,10.9995,122.6711,74.62,85,100,8.61,PH,2022-01-18 16:46:35
452,Vytegra,61.0064,36.4481,9.05,98,89,6.87,RU,2022-01-18 16:46:36
453,Omsukchan,62.5333,155.8,-28.61,89,15,3.83,RU,2022-01-18 16:46:36
454,Praia Da Vitoria,38.7333,-27.0667,59.76,100,75,8.21,PT,2022-01-18 16:46:36
455,Meulaboh,4.1363,96.1285,76.8,88,95,3.87,ID,2022-01-18 16:43:34
456,Sao Joao Da Barra,-21.6403,-41.0511,87.89,83,10,15.99,BR,2022-01-18 16:46:36
457,Mahon,39.8885,4.2658,54.16,71,0,3.44,ES,2022-01-18 16:44:54
458,Akyab,20.15,92.9,67.39,77,0,7.38,MM,2022-01-18 16:46:37
459,Kurmanayevka,52.5093,52.0675,26.17,94,100,17.52,RU,2022-01-18 16:46:37
460,Moerai,-22.4333,-151.3333,77.88,80,100,12.73,PF,2022-01-18 16:46:37
461,Severodvinsk,64.5635,39.8302,19.51,88,98,10.78,RU,2022-01-18 16:46:37
462,Chapais,49.7834,-74.8492,-15.02,88,100,11.92,CA,2022-01-18 16:46:38
463,Emerald,-23.5333,148.1667,78.94,73,95,10.36,AU,2022-01-18 16:46:38
464,Leningradskiy,69.3833,178.4167,-22.95,90,69,8.5,RU,2022-01-18 16:46:38
465,Lensk,60.7253,114.9278,-9.89,86,96,3.13,RU,2022-01-18 16:46:38
466,General Roca,-39.0333,-67.5833,55.8,79,100,16.89,AR,2022-01-18 16:46:39
467,Mount Gambier,-37.8333,140.7667,58.91,63,100,14.97,AU,2022-01-18 16:46:39
468,Bambui,-20.0064,-45.9769,81.28,66,62,5.28,BR,2022-01-18 16:46:39
469,Auki,-8.7676,160.7034,78.71,85,73,1.68,SB,2022-01-18 16:46:39
470,Katherine,-14.4667,132.2667,80.92,83,86,0.0,AU,2022-01-18 16:46:40
471,Armidale,-30.5167,151.65,61.81,98,100,4.54,AU,2022-01-18 16:46:40
472,Lakhnau,26.85,80.9167,49.98,93,100,2.3,IN,2022-01-18 16:46:41
473,Fort Nelson,58.8053,-122.7002,-23.64,99,97,2.35,CA,2022-01-18 16:46:41
474,Vardo,70.3705,31.1107,25.0,93,100,34.52,NO,2022-01-18 16:46:41
475,Kavaratti,10.5669,72.642,81.73,70,12,8.77,IN,2022-01-18 16:46:42
476,Davidson,36.1501,-86.7833,43.12,79,20,5.01,US,2022-01-18 16:46:42
477,Azangaro,-14.9167,-70.2167,55.13,52,94,5.01,PE,2022-01-18 16:46:42
478,Karwar,14.8,74.1333,75.2,69,91,10.31,IN,2022-01-18 16:46:42
479,San Angelo,31.4638,-100.437,67.96,37,0,4.0,US,2022-01-18 16:42:32
480,Barnstaple,51.0802,-4.0581,46.69,89,79,3.74,GB,2022-01-18 16:46:43
481,Moron,-34.6534,-58.6198,76.01,94,100,5.01,AR,2022-01-18 16:46:43
482,San Cristobal,7.7669,-72.225,75.38,44,29,3.53,VE,2022-01-18 16:46:43
483,Lander,42.833,-108.7307,40.8,55,0,8.05,US,2022-01-18 16:46:43
484,Sao Felix Do Xingu,-6.6447,-51.995,82.44,74,99,1.01,BR,2022-01-18 16:45:02
485,Karlstad,59.3793,13.5036,30.76,100,74,2.3,SE,2022-01-18 16:46:44
486,Gushikawa,26.3544,127.8686,58.23,88,75,0.0,JP,2022-01-18 16:46:44
487,Yarada,17.65,83.2667,70.12,88,75,2.3,IN,2022-01-18 16:46:44
488,Roswell,34.0232,-84.3616,46.78,65,0,1.99,US,2022-01-18 16:46:44
489,Arlit,18.7369,7.3853,66.74,15,0,15.97,NE,2022-01-18 16:46:45
490,Altay,47.8667,88.1167,18.55,72,100,5.41,CN,2022-01-18 16:46:45
491,Prainha,-1.8,-53.48,90.45,47,29,4.68,BR,2022-01-18 16:46:45
492,Concarneau,47.875,-3.9225,43.59,81,68,2.93,FR,2022-01-18 16:46:45
493,Sarkand,45.41,79.9186,28.02,77,68,5.03,KZ,2022-01-18 16:46:46
494,Amuntai,-2.4177,115.2494,73.74,98,100,1.7,ID,2022-01-18 16:46:46
495,Ochakiv,46.6128,31.5498,30.34,63,46,21.39,UA,2022-01-18 16:46:46
496,Luanda,-8.8368,13.2343,82.4,61,75,9.22,AO,2022-01-18 16:43:05
497,Nueva Loja,0.0847,-76.8828,77.02,83,75,6.91,EC,2022-01-18 16:46:46
498,Santo Domingo,18.5001,-69.9886,84.92,72,40,3.0,DO,2022-01-18 16:44:31
499,Haines Junction,60.7522,-137.5108,-7.65,77,100,2.3,CA,2022-01-18 16:46:47
500,Pangkalanbuun,-2.6833,111.6167,75.18,96,100,3.11,ID,2022-01-18 16:46:47
501,Kulunda,52.566,78.9385,5.02,99,60,5.3,RU,2022-01-18 16:46:47
502,San Rafael,-34.6177,-68.3301,54.54,67,100,11.36,AR,2022-01-18 16:45:28
503,Neu-Anspach,50.3167,8.5,43.12,83,84,2.1,DE,2022-01-18 16:46:47
504,Hambantota,6.1241,81.1185,77.63,81,88,19.89,LK,2022-01-18 16:43:38
505,Mae Hong Son,19.3003,97.9685,67.32,78,56,1.63,TH,2022-01-18 16:46:48
506,Kundiawa,-6.0167,144.9667,63.86,99,100,0.87,PG,2022-01-18 16:46:48
507,Dondo,-19.6094,34.7431,76.91,76,2,6.13,MZ,2022-01-18 16:46:48
508,Ornskoldsvik,63.2909,18.7153,38.35,87,20,10.36,SE,2022-01-18 16:46:48
509,Eureka,40.8021,-124.1637,45.93,94,56,2.82,US,2022-01-18 16:46:49
510,Umm Lajj,25.0213,37.2685,65.01,61,6,4.52,SA,2022-01-18 16:46:03
511,Sangar,63.9242,127.4739,-39.21,96,58,3.38,RU,2022-01-18 16:46:49
512,Nouadhibou,20.931,-17.0347,78.78,27,25,9.22,MR,2022-01-18 16:46:49
513,Sinazongwe,-17.2614,27.4618,74.44,84,100,5.19,ZM,2022-01-18 16:46:49
514,Kailua,21.4022,-157.7394,66.18,80,0,2.8,US,2022-01-18 16:46:50
515,Cockburn Town,21.4612,-71.1419,75.42,79,1,12.93,TC,2022-01-18 16:42:26
516,Las Vegas,36.175,-115.1372,51.67,66,100,3.44,US,2022-01-18 16:45:09
517,San-Pedro,4.7485,-6.6363,83.14,68,52,10.71,CI,2022-01-18 16:46:50
518,Ondarroa,43.3167,-2.4167,50.41,86,51,1.66,ES,2022-01-18 16:46:50
519,Naryan-Mar,67.6713,53.087,2.64,96,100,3.98,RU,2022-01-18 16:46:51
520,Puerto Escondido,15.85,-97.0667,82.13,56,1,5.14,MX,2022-01-18 16:46:51
521,Christchurch,-43.5333,172.6333,63.91,83,100,5.01,NZ,2022-01-18 16:45:19
522,Poum,-20.2333,164.0167,79.48,71,28,16.33,NC,2022-01-18 16:46:51
523,Desnogorsk,54.1508,33.2815,17.11,89,100,13.8,RU,2022-01-18 16:46:51
524,Pimentel,-6.8367,-79.9342,79.09,61,0,9.22,PE,2022-01-18 16:46:51
525,Pandan,14.0453,124.1694,76.19,88,100,12.19,PH,2022-01-18 16:46:52
526,Kirksville,40.1948,-92.5833,41.13,73,0,5.01,US,2022-01-18 16:44:14
527,San Rafael Del Sur,11.8485,-86.4384,83.37,40,3,14.56,NI,2022-01-18 16:46:52
528,Wilmington,34.2257,-77.9447,47.95,53,0,11.5,US,2022-01-18 16:43:32
529,Mabaruma,8.2,-59.7833,85.32,55,28,6.33,GY,2022-01-18 16:46:52
530,Bilibino,68.0546,166.4372,-28.34,84,6,2.39,RU,2022-01-18 16:46:53
531,Takoradi,4.8845,-1.7554,83.1,68,28,11.61,GH,2022-01-18 16:46:53
532,Fairbanks,64.8378,-147.7164,-1.91,80,100,0.0,US,2022-01-18 16:46:53
533,Marzuq,14.4,46.4667,65.59,60,0,7.47,YE,2022-01-18 16:46:53
534,Krasnoarmeyskoye,52.7182,50.0322,28.74,94,100,17.49,RU,2022-01-18 16:46:54
535,Robstown,27.7903,-97.6689,73.42,62,0,17.27,US,2022-01-18 16:46:54
536,Kumluca,36.3703,30.2869,48.67,81,90,9.33,TR,2022-01-18 16:46:54
537,Tyrma,50.0833,132.1667,-20.29,100,96,1.32,RU,2022-01-18 16:46:54
538,Biscarrosse,44.3945,-1.1672,44.55,87,100,2.3,FR,2022-01-18 16:46:55
539,Bintulu,3.1667,113.0333,75.61,88,40,5.01,MY,2022-01-18 16:46:55
540,Lodwar,3.1191,35.5973,77.0,63,100,2.68,KE,2022-01-18 16:46:55
541,Coahuayana,18.7333,-103.6833,84.96,47,51,3.74,MX,2022-01-18 16:46:55
542,Teya,60.3778,92.6267,8.62,89,100,10.54,RU,2022-01-18 16:46:56
543,Roebourne,-20.7833,117.1333,82.02,61,1,7.49,AU,2022-01-18 16:46:56
544,Gimli,50.6336,-96.9907,14.13,85,100,23.02,CA,2022-01-18 16:46:56
545,Severomorsk,69.0689,33.4162,18.0,88,100,18.12,RU,2022-01-18 16:46:56
546,Sungurlu,40.1675,34.3739,26.69,67,100,15.03,TR,2022-01-18 16:46:57
547,Snasa,64.2457,12.3778,40.41,100,100,15.26,NO,2022-01-18 16:46:57
548,Arman,59.7,150.1667,-0.17,72,0,10.27,RU,2022-01-18 16:46:57
549,Staryy Nadym,65.6118,72.6842,-1.19,96,98,8.59,RU,2022-01-18 16:46:57
550,Chicama,-7.8447,-79.1469,72.14,59,74,10.47,PE,2022-01-18 16:46:58
551,Nizhniy Odes,63.6445,54.856,16.11,95,100,7.14,RU,2022-01-18 16:46:58
552,Safford,32.834,-109.7076,59.11,52,0,4.61,US,2022-01-18 16:46:58
553,Praia,14.9215,-23.5087,77.54,65,75,19.57,CV,2022-01-18 16:46:58
554,San Quintin,30.4833,-115.95,61.7,73,100,3.42,MX,2022-01-18 16:46:59
